14.715655326843262,150.026611328125,-35.977504730224609,-9.6248273849487305,-6.4900150299072266,-56.145652770996094,266.28570556640625,44.480007171630859,2.7193450927734375
14.566438674926758,149.92991638183594,-35.860206604003906,-9.7126083374023437,-6.4396324157714844,-56.597793579101563,266.49871826171875,44.717113494873047,2.7407031059265137
14.386213302612305,149.96469116210937,-35.621150970458984,-9.7958078384399414,-6.2394185066223145,-57.656593322753906,266.80010986328125,45.582492828369141,2.7829000949859619
14.07994556427002,149.6322021484375,-34.973823547363281,-10.068306922912598,-6.3216814994812012,-58.038433074951172,267.58966064453125,43.496253967285156,2.8147439956665039
14.05433177947998,149.73591613769531,-34.941287994384766,-10.057904243469238,-6.1302862167358398,-58.803489685058594,267.70132446289062,45.863094329833984,2.8265330791473389
14.019326210021973,149.69168090820312,-34.68035888671875,-10.048708915710449,-5.904294490814209,-59.732254028320312,267.96829223632812,46.565006256103516,2.8451321125030518
14.084805488586426,149.798583984375,-34.482089996337891,-9.9681072235107422,-5.5935816764831543,-60.871425628662109,268.202880859375,45.879470825195312,2.869736909866333
14.13112735748291,149.85043334960937,-34.34027099609375,-9.93304443359375,-5.4390668869018555,-61.46661376953125,268.36080932617187,47.03363037109375,2.8862919807434082
14.176812171936035,149.91267395019531,-34.193405151367188,-9.9044857025146484,-5.2738990783691406,-62.136600494384766,268.5267333984375,47.327606201171875,2.9062399864196777
14.19373607635498,149.93267822265625,-34.084114074707031,-9.9075698852539063,-5.1934723854064941,-62.508285522460938,268.63912963867187,47.698612213134766,2.9257240295410156
14.168076515197754,149.90602111816406,-34.021381378173828,-9.8966999053955078,-5.1617250442504883,-62.626491546630859,268.71197509765625,47.886241912841797,2.9458620548248291
14.088099479675293,149.61686706542969,-33.660144805908203,-9.9729290008544922,-5.2832756042480469,-62.260475158691406,269.18154907226562,48.082832336425781,2.9658820629119873
13.982325553894043,149.56390380859375,-33.294879913330078,-10.018879890441895,-5.1892242431640625,-62.7940673828125,269.56549072265625,48.210979461669922,2.9861190319061279
13.974373817443848,149.72178649902344,-33.220230102539063,-9.9684772491455078,-4.9973845481872559,-63.549083709716797,269.74029541015625,48.295589447021484,3.0064918994903564
13.973173141479492,149.83975219726562,-33.186473846435547,-9.9259328842163086,-4.8600015640258789,-64.085601806640625,269.86300659179687,48.313213348388672,3.0271210670471191
13.941947937011719,149.91432189941406,-33.123157501220703,-9.9067230224609375,-4.7431669235229492,-64.588188171386719,269.9656982421875,48.506217956542969,3.0469799041748047
13.945468902587891,149.99702453613281,-33.027179718017578,-9.8438796997070312,-4.595583438873291,-65.144630432128906,270.09243774414062,48.631732940673828,3.067051887512207
13.969393730163574,150.06631469726562,-32.945850372314453,-9.75408935546875,-4.436732292175293,-65.707557678222656,270.20193481445312,49.089130401611328,3.0856449604034424
13.904568672180176,150.00328063964844,-32.841239929199219,-9.7218122482299805,-4.3602337837219238,-66.008682250976562,270.3402099609375,41.741600036621094,3.1402699947357178
13.869889259338379,149.81617736816406,-32.77801513671875,-9.7326583862304687,-4.4014186859130859,-65.831512451171875,270.54071044921875,42.883277893066406,3.1585049629211426
13.778624534606934,149.39117431640625,-32.639865875244141,-9.7977161407470703,-4.5041632652282715,-65.479141235351563,270.996826171875,43.990013122558594,3.1764290332794189
13.734286308288574,148.5194091796875,-32.428695678710937,-9.8503007888793945,-4.8000888824462891,-64.190422058105469,271.8948974609375,45.040817260742188,3.1941699981689453
13.742133140563965,147.80401611328125,-32.264747619628906,-9.8767595291137695,-4.9736104011535645,-63.442958831787109,272.62887573242187,46.065193176269531,3.211622953414917
13.690506935119629,147.04960632324219,-32.095466613769531,-9.9842138290405273,-5.2112531661987305,-62.612010955810547,273.40377807617187,46.426021575927734,3.2316849231719971
13.536216735839844,145.88978576660156,-31.945844650268555,-10.246892929077148,-5.3841261863708496,-62.464199066162109,274.58334350585937,47.867103576660156,3.2467811107635498
13.695146560668945,144.09291076660156,-31.755489349365234,-10.224795341491699,-5.6735935211181641,-61.154720306396484,276.39724731445312,48.691516876220703,3.2640769481658936
14.466377258300781,142.71989440917969,-31.591121673583984,-9.5486459732055664,-5.6784267425537109,-59.412464141845703,277.9805908203125,49.392147064208984,3.281609058380127
14.948720932006836,141.80372619628906,-31.510534286499023,-9.2101831436157227,-5.7204904556274414,-58.292221069335938,279.01910400390625,50.148372650146484,3.2986609935760498
15.33808708190918,140.76698303222656,-31.47247314453125,-9.087799072265625,-5.8795113563537598,-57.226791381835938,280.127197265625,50.804054260253906,3.3158729076385498
15.695225715637207,139.80810546875,-31.391794204711914,-9.0861349105834961,-6.1211709976196289,-56.155029296875,281.15362548828125,51.302650451660156,3.3335061073303223
16.036003112792969,139.03791809082031,-31.368263244628906,-9.0990543365478516,-6.301506519317627,-55.413906097412109,281.99615478515625,51.766567230224609,3.3511090278625488
16.332509994506836,138.593994140625,-31.374454498291016,-9.0710659027099609,-6.3388452529907227,-55.170146942138672,282.530029296875,52.170242309570313,3.3687970638275146
16.744958877563477,137.96366882324219,-31.43433952331543,-9.152338981628418,-6.4192123413085937,-55.072532653808594,283.28567504882812,52.535236358642578,3.3865029811859131
17.317476272583008,137.43064880371094,-31.520122528076172,-9.1706104278564453,-6.4212665557861328,-55.118408203125,284.07260131835937,52.664405822753906,3.4050230979919434
17.819982528686523,136.88717651367187,-31.671876907348633,-9.2352848052978516,-6.5716071128845215,-54.681957244873047,284.82818603515625,53.083942413330078,3.4223480224609375
18.484292984008789,136.41018676757813,-31.924406051635742,-9.2434015274047852,-6.6549382209777832,-54.361888885498047,285.68411254882812,53.298202514648437,3.4403419494628906
19.46424674987793,136.08990478515625,-32.167682647705078,-9.084233283996582,-6.5070858001708984,-54.497348785400391,286.74337768554687,52.95452880859375,3.4604599475860596
20.359649658203125,135.90756225585937,-32.39678955078125,-8.9675674438476563,-6.3762555122375488,-54.695953369140625,287.68545532226562,53.506065368652344,3.4771730899810791
21.443571090698242,135.85362243652344,-32.682209014892578,-8.8130598068237305,-6.2130889892578125,-54.924530029296875,288.8076171875,53.79766845703125,3.4947240352630615
22.799381256103516,135.84147644042969,-32.883888244628906,-8.5534429550170898,-6.1080307960510254,-54.568660736083984,290.17840576171875,53.564750671386719,3.5142209529876709
24.16108512878418,135.91351318359375,-33.016464233398437,-8.209895133972168,-6.2636723518371582,-52.738075256347656,291.54843139648438,54.083106994628906,3.5308730602264404
25.608249664306641,136.03645324707031,-33.186351776123047,-7.8195695877075195,-6.3373379707336426,-51.037239074707031,293.01071166992188,54.215278625488281,3.5488519668579102
27.324975967407227,135.97966003417969,-33.484348297119141,-7.2721138000488281,-6.8476986885070801,-46.739212036132812,294.7540283203125,54.309619903564453,3.5669329166412354
28.954195022583008,136.16038513183594,-33.862190246582031,-6.7911982536315918,-7.0887885093688965,-43.759666442871094,296.43621826171875,54.362815856933594,3.5851409435272217
30.45166015625,136.68998718261719,-34.291343688964844,-6.4011163711547852,-6.9407095909118652,-42.663002014160156,298.08154296875,54.514675140380859,3.6029520034790039
31.719650268554687,137.5831298828125,-34.652374267578125,-5.9933567047119141,-6.4403300285339355,-42.924968719482422,299.67398071289062,54.654640197753906,3.6207590103149414
33.002223968505859,138.92216491699219,-35.041347503662109,-5.6852545738220215,-5.6638350486755371,-45.108848571777344,301.56851196289062,54.872287750244141,3.6382238864898682
34.921417236328125,139.98597717285156,-34.880649566650391,-5.0795855522155762,-5.6886467933654785,-41.74371337890625,303.76870727539062,55.146808624267578,3.6554040908813477
36.215133666992188,141.25407409667969,-34.9921875,-4.9741063117980957,-5.3870372772216797,-42.705299377441406,305.58370971679687,55.089221954345703,3.6737558841705322
37.932952880859375,142.90715026855469,-34.451713562011719,-4.4960460662841797,-5.3473105430603027,-40.033203125,308.02822875976562,55.555862426757813,3.6901440620422363
39.589614868164062,144.56251525878906,-34.017921447753906,-3.8288571834564209,-5.2010507583618164,-36.324867248535156,310.4100341796875,55.544677734375,3.7081859111785889
40.2867431640625,145.50254821777344,-33.782176971435547,-3.5287532806396484,-4.7992234230041504,-36.296699523925781,311.60385131835937,55.984050750732422,3.7245419025421143
40.960338592529297,146.38374328613281,-33.664100646972656,-3.3355522155761719,-4.6109657287597656,-35.853748321533203,312.71926879882813,57.172939300537109,3.7380130290985107
41.791999816894531,147.51312255859375,-33.526092529296875,-3.0968005657196045,-4.3149275779724121,-35.641872406005859,314.12860107421875,57.630527496337891,3.7538390159606934
42.31768798828125,148.49092102050781,-33.139816284179688,-3.3661761283874512,-4.3851652145385742,-37.488620758056641,315.30404663085937,58.08807373046875,3.7695400714874268
43.047462463378906,150.0206298828125,-33.045764923095703,-3.0974841117858887,-3.9725029468536377,-37.927165985107422,317.00152587890625,58.484161376953125,3.785336971282959
43.587806701660156,151.43856811523437,-32.957695007324219,-2.7903270721435547,-3.5112590789794922,-38.4605712890625,318.521484375,58.909149169921875,3.8009250164031982
44.020843505859375,152.71073913574219,-32.849643707275391,-2.4456069469451904,-2.9667301177978516,-39.492210388183594,319.86965942382813,59.393337249755859,3.8161931037902832
44.571525573730469,154.15968322753906,-32.705455780029297,-1.9038358926773071,-2.4481856822967529,-37.863800048828125,321.42642211914062,59.910289764404297,3.8312230110168457
44.861789703369141,155.86175537109375,-32.345249176025391,-1.7994927167892456,-2.4993057250976562,-35.745471954345703,323.19024658203125,60.357658386230469,3.8463640213012695
45.110881805419922,158.12260437011719,-32.237453460693359,-1.4904328584671021,-1.7748334407806396,-40.019508361816406,325.46731567382812,60.604625701904297,3.8620810508728027
44.977157592773438,159.43190002441406,-32.286972045898438,-1.5388185977935791,-1.4799466133117676,-46.117759704589844,326.78436279296875,61.085468292236328,3.8769350051879883
44.592594146728516,160.08389282226562,-32.343154907226562,-1.8441553115844727,-1.8072117567062378,-45.580074310302734,327.54339599609375,61.001804351806641,3.8935909271240234
44.447784423828125,160.71055603027344,-32.353595733642578,-1.9856723546981812,-1.8315399885177612,-47.313957214355469,328.1866455078125,61.007358551025391,3.9099650382995605
44.382968902587891,161.50924682617187,-32.216739654541016,-1.9829187393188477,-1.4445137977600098,-53.932575225830078,328.99957275390625,62.299915313720703,3.9219911098480225
44.152061462402344,163.14866638183594,-31.933237075805664,-1.9281109571456909,-0.74430429935455322,-68.898216247558594,330.67926025390625,62.555004119873047,3.9371919631958008
43.798088073730469,165.05206298828125,-31.668678283691406,-1.7991958856582642,-0.051888942718505859,-88.348587036132812,332.63330078125,62.706676483154297,3.9526739120483398
43.457000732421875,168.0838623046875,-31.372217178344727,-1.4367129802703857,0.65926128625869751,-114.64527130126953,335.6986083984375,63.082511901855469,3.9673779010772705
42.952873229980469,171.01641845703125,-30.823179244995117,-1.4087691307067871,1.3050611019134521,-132.81071472167969,338.72439575195312,63.353984832763672,3.9823369979858398
42.305896759033203,173.40731811523437,-30.341514587402344,-1.5767389535903931,1.2669458389282227,-128.78016662597656,341.2476806640625,63.423568725585938,3.9978930950164795
41.594963073730469,175.42123413085937,-29.860174179077148,-1.8179385662078857,0.98332750797271729,-118.40338134765625,343.43698120117187,63.728969573974609,4.0126609802246094
40.819778442382813,177.29421997070312,-29.426782608032227,-2.1504116058349609,0.981525719165802,-114.52562713623047,345.50985717773437,64.038185119628906,4.027346134185791
40.112350463867188,178.67822265625,-29.086757659912109,-2.4160506725311279,0.73758167028427124,-106.96798706054687,347.10092163085937,64.449417114257812,4.0416312217712402
39.376461029052734,180.16354370117187,-28.695173263549805,-2.61810302734375,0.56326049566268921,-102.13375854492187,348.80416870117187,64.842903137207031,4.0558819770812988
38.571025848388672,181.30979919433594,-28.228914260864258,-2.862490177154541,0.26610136032104492,-95.306686401367188,350.28067016601562,65.28375244140625,4.0698962211608887
37.636894226074219,182.99311828613281,-27.903858184814453,-3.0739500522613525,0.39041915535926819,-97.231559753417969,352.23306274414062,65.715644836425781,4.0838441848754883
36.618541717529297,184.19316101074219,-27.680809020996094,-3.4063394069671631,0.23196811974048615,-93.891212463378906,353.82266235351562,66.237960815429687,4.097416877746582
35.615478515625,184.95372009277344,-27.558017730712891,-3.9175941944122314,0.065438464283943176,-90.955474853515625,355.08746337890625,66.111465454101563,4.1129112243652344
34.779460906982422,185.48493957519531,-27.498935699462891,-4.2582287788391113,-0.168108269572258,-87.743377685546875,356.0797119140625,67.3331298828125,4.1242361068725586
32.608566284179687,187.3624267578125,-27.363107681274414,-4.6560187339782715,-0.27383875846862793,-86.641456604003906,358.95309448242187,63.602062225341797,4.1509299278259277
31.730676651000977,188.05746459960937,-27.31004524230957,-4.7915449142456055,-0.18958985805511475,-87.739395141601562,360.07406616210937,64.223823547363281,4.1646299362182617
30.580415725708008,188.50640869140625,-27.313657760620117,-5.089907169342041,-0.29139500856399536,-86.73199462890625,361.308837890625,64.717155456542969,4.1786098480224609
29.423061370849609,188.95866394042969,-27.322002410888672,-5.385432243347168,-0.2613600492477417,-87.229721069335938,362.55145263671875,65.63812255859375,4.1911258697509766
28.163352966308594,189.28196716308594,-27.358837127685547,-5.6238398551940918,-0.40325853228569031,-85.91168212890625,363.85250854492187,66.236618041992188,4.2044758796691895
26.835792541503906,189.727783203125,-27.373786926269531,-5.7064428329467773,-0.44976949691772461,-85.508140563964844,365.25299072265625,66.82220458984375,4.2177457809448242
25.588117599487305,189.86123657226562,-27.375461578369141,-5.8527092933654785,-0.58332580327987671,-84.327751159667969,366.50778198242187,67.39422607421875,4.2309417724609375
24.300758361816406,189.84381103515625,-27.44550895690918,-6.1701626777648926,-0.72436612844467163,-83.329544067382813,367.79718017578125,67.888481140136719,4.2442641258239746
23.005064010620117,189.85513305664062,-27.434045791625977,-6.3541769981384277,-0.73170465230941772,-83.457504272460938,369.09295654296875,68.302116394042969,4.2577338218688965
21.58976936340332,189.90617370605469,-27.400060653686523,-6.5306262969970703,-0.7157478928565979,-83.771995544433594,370.50958251953125,68.257621765136719,4.2725100517272949
20.341636657714844,189.88772583007812,-27.280555725097656,-6.6525344848632813,-0.70998144149780273,-83.935142517089844,371.7635498046875,68.962112426757812,4.2850308418273926
18.569528579711914,190.073486328125,-27.422454833984375,-6.9075379371643066,-0.37259340286254883,-86.927352905273437,373.551025390625,69.144874572753906,4.298983097076416
16.808204650878906,189.94369506835937,-27.680675506591797,-7.1559915542602539,-0.41893431544303894,-86.666893005371094,375.33590698242187,68.382949829101563,4.3157429695129395
15.534365653991699,189.75910949707031,-27.751424789428711,-7.3415184020996094,-0.50538432598114014,-86.083419799804687,376.62496948242187,68.741172790527344,4.3292832374572754
14.247237205505371,189.53178405761719,-27.688737869262695,-7.5211396217346191,-0.60018652677536011,-85.463432312011719,377.93353271484375,69.323623657226563,4.3420810699462891
12.503721237182617,189.15704345703125,-27.736457824707031,-7.8875770568847656,-0.78966116905212402,-84.318473815917969,379.71749877929687,67.634147644042969,4.3616228103637695
9.7764425277709961,188.43011474609375,-27.744222640991211,-8.2918262481689453,-1.1399176120758057,-82.225379943847656,382.54000854492188,63.445518493652344,4.3896889686584473
8.2209434509277344,188.18966674804687,-27.781467437744141,-8.4740457534790039,-1.1073857545852661,-82.607650756835938,384.11441040039062,63.940029144287109,4.4038357734680176
6.3796505928039551,187.64018249511719,-27.893655776977539,-8.9029293060302734,-1.3280127048492432,-81.581901550292969,386.03924560546875,64.440742492675781,4.417853832244873
4.6600995063781738,186.96963500976562,-27.842073440551758,-9.0294933319091797,-1.5550162792205811,-80.305793762207031,387.8856201171875,64.4569091796875,4.4333200454711914
2.9282336235046387,186.43511962890625,-27.819387435913086,-9.0522975921630859,-1.4979598522186279,-80.678779602050781,389.6982421875,64.424118041992188,4.4489398002624512
1.2855789661407471,186.0694580078125,-27.921091079711914,-9.2199726104736328,-1.3466840982437134,-81.759414672851563,391.3841552734375,64.477188110351563,4.4642910957336426
-0.041567802429199219,185.31759643554688,-27.964494705200195,-9.3590822219848633,-1.6380062103271484,-80.156845092773438,392.91012573242187,64.172187805175781,4.4807858467102051
-1.1202559471130371,184.63201904296875,-27.88994026184082,-9.3917388916015625,-1.8734487295150757,-78.813583374023437,394.19039916992187,64.469566345214844,4.4954080581665039
-2.4471671581268311,183.72398376464844,-27.841596603393555,-9.7603597640991211,-2.1306390762329102,-77.796089172363281,395.79898071289062,62.775775909423828,4.516456127166748
-3.5772442817687988,182.94868469238281,-27.693605422973633,-9.9269208908081055,-2.0276403427124023,-78.56378173828125,397.17742919921875,63.304157257080078,4.530642032623291
-4.8358697891235352,181.87580871582031,-27.853925704956055,-10.002877235412598,-2.3361673355102539,-76.976509094238281,398.83901977539062,63.947795867919922,4.544334888458252
-6.1984448432922363,180.64118957519531,-27.90020751953125,-10.124795913696289,-2.7007877826690674,-75.202583312988281,400.67831420898437,62.450275421142578,4.5649018287658691
-7.2431168556213379,179.67311096191406,-27.874288558959961,-10.32774829864502,-2.9066574573516846,-74.4307861328125,402.10281372070312,62.430095672607422,4.5809822082519531
-7.9568576812744141,179.02903747558594,-27.949869155883789,-10.454831123352051,-3.0229020118713379,-74.02947998046875,403.06716918945312,64.938140869140625,4.5888090133666992
-9.6053810119628906,177.18276977539062,-27.857816696166992,-10.63917064666748,-3.3713788986206055,-72.588829040527344,405.54400634765625,61.332489013671875,4.6160922050476074
-10.819591522216797,175.52775573730469,-27.51121711730957,-10.709418296813965,-3.6280078887939453,-71.465667724609375,407.625732421875,60.83062744140625,4.6341080665588379
-12.074942588806152,173.92742919921875,-27.208044052124023,-10.85230541229248,-3.7955429553985596,-70.911354064941406,409.68215942382812,61.018703460693359,4.6499037742614746
-13.039813995361328,172.21824645996094,-27.001430511474609,-10.885867118835449,-4.1411623954772949,-69.369461059570313,411.65570068359375,61.358139038085938,4.6651368141174316
-14.041372299194336,170.32601928710937,-26.752923965454102,-11.032245635986328,-4.3791565895080566,-68.555648803710937,413.81103515625,61.488433837890625,4.6809930801391602
-14.984060287475586,168.40884399414062,-26.497268676757813,-11.260018348693848,-4.4886345863342285,-68.480857849121094,415.96267700195313,61.491744995117188,4.6972451210021973
-15.868656158447266,166.52374267578125,-26.318826675415039,-11.417277336120605,-4.556422233581543,-68.464958190917969,418.05264282226562,62.109554290771484,4.71142578125
-16.757968902587891,164.72596740722656,-26.245515823364258,-11.695090293884277,-4.791623592376709,-67.9544677734375,420.0596923828125,62.298900604248047,4.7268929481506348
-17.379404067993164,162.66062927246094,-25.985469818115234,-11.75917911529541,-5.1523871421813965,-66.579788208007813,422.23211669921875,61.649219512939453,4.7451272010803223
-17.78436279296875,160.9761962890625,-25.793556213378906,-11.624281883239746,-5.4554629325866699,-65.096298217773437,423.97515869140625,62.709609985351563,4.7577981948852539
-17.801290512084961,155.86651611328125,-25.106468200683594,-11.506448745727539,-7.5783452987670898,-56.833183288574219,429.13082885742187,62.805980682373047,4.7734251022338867
-18.337018966674805,153.29067993164062,-24.963289260864258,-11.719222068786621,-8.3619241714477539,-54.679306030273437,431.76568603515625,62.868209838867188,4.7891411781311035
-19.619197845458984,149.556396484375,-25.098133087158203,-12.308994293212891,-8.8577365875244141,-54.465232849121094,435.71627807617187,63.969573974609375,4.8173527717590332
-20.395547866821289,148.11398315429687,-25.272123336791992,-12.774354934692383,-9.0317058563232422,-54.966434478759766,437.36355590820312,62.490940093994141,4.8378500938415527
-20.958189010620117,147.1497802734375,-25.458662033081055,-13.253791809082031,-9.2565784454345703,-55.31915283203125,438.49539184570312,64.788360595703125,4.846343994140625
-21.931764602661133,144.52494812011719,-25.781810760498047,-14.089592933654785,-9.7016544342041016,-55.739059448242188,441.31353759765625,65.143486022949219,4.8606429100036621
-22.781314849853516,139.572021484375,-25.999626159667969,-15.175935745239258,-10.83051872253418,-54.804042816162109,446.343505859375,66.199058532714844,4.872654914855957
-22.305404663085938,135.66549682617188,-26.113307952880859,-14.523603439331055,-11.590927124023438,-51.629989624023438,450.28057861328125,66.600723266601562,4.886505126953125
-21.828201293945313,132.73414611816406,-25.848791122436523,-14.335766792297363,-11.658658981323242,-51.082977294921875,453.26226806640625,67.097274780273438,4.8999781608581543
-21.519271850585938,131.49932861328125,-25.933979034423828,-13.833992958068848,-11.333034515380859,-50.858665466308594,454.53799438476562,67.846351623535156,4.9125781059265137
-21.218368530273438,129.92327880859375,-26.406642913818359,-13.450419425964355,-11.305500984191895,-50.107383728027344,456.21066284179687,68.77484130859375,4.9244980812072754
-20.874050140380859,127.54143524169922,-26.227285385131836,-13.477885246276855,-11.600739479064941,-49.419101715087891,458.62396240234375,69.74847412109375,4.9361238479614258
-20.610368728637695,125.20326232910156,-26.278949737548828,-13.655680656433105,-11.41411018371582,-50.273899078369141,460.97750854492187,70.645614624023438,4.9478130340576172
-20.048599243164062,123.20090484619141,-26.387065887451172,-13.863987922668457,-10.874295234680176,-52.104400634765625,463.05999755859375,67.594619750976563,4.9711208343505859
-20.027400970458984,122.11497497558594,-26.60035514831543,-14.326582908630371,-10.711397171020508,-53.474113464355469,464.1668701171875,68.293571472167969,4.9837808609008789
-19.498941421508789,118.12471008300781,-28.075057983398438,-14.653181076049805,-10.801421165466309,-53.883220672607422,468.45361328125,70.8033447265625,5.0055079460144043
-18.82356071472168,116.19134521484375,-29.747385025024414,-14.427335739135742,-10.195876121520996,-55.042579650878906,471.09762573242187,68.962188720703125,5.0250921249389648
-18.457813262939453,115.93103790283203,-29.885847091674805,-14.165526390075684,-10.195747375488281,-54.527473449707031,471.56741333007812,72.597824096679688,5.0289502143859863
-15.171107292175293,112.21910095214844,-30.144086837768555,-12.810522079467773,-11.182706832885742,-48.996166229248047,476.53204345703125,66.024909973144531,5.0623989105224609
-14.02619457244873,110.96221923828125,-30.043426513671875,-12.408615112304687,-11.626643180847168,-46.919120788574219,478.23519897460937,67.231895446777344,5.0737838745117188
-12.527984619140625,109.47831726074219,-29.954730987548828,-11.859827995300293,-12.216130256652832,-44.126670837402344,480.34576416015625,68.349006652832031,5.0852389335632324
-10.340014457702637,107.86203765869141,-29.482707977294922,-11.273856163024902,-12.601656913757324,-41.723331451416016,483.10662841796875,69.444778442382812,5.0965719223022461
-8.7750244140625,106.53044128417969,-29.230310440063477,-10.93386173248291,-13.160758972167969,-39.562946319580078,485.1768798828125,70.457382202148438,5.1079721450805664
-6.9550728797912598,104.7066650390625,-28.804239273071289,-10.863763809204102,-14.00624942779541,-37.573490142822266,487.78839111328125,71.460784912109375,5.1192359924316406
-5.3789281845092773,103.09729766845703,-28.569852828979492,-10.898900985717773,-14.795089721679687,-36.092967987060547,490.05316162109375,72.407478332519531,5.1305050849914551
-4.1635375022888184,101.67544555664062,-28.54583740234375,-11.179238319396973,-15.558718681335449,-35.367164611816406,491.923828125,73.319656372070312,5.1417250633239746
-3.0134713649749756,98.169654846191406,-28.863718032836914,-11.908744812011719,-16.963083267211914,-34.659641265869141,495.62713623046875,74.174171447753906,5.1529669761657715
-1.947827935218811,96.029693603515625,-29.111970901489258,-12.429901123046875,-17.771518707275391,-34.515350341796875,498.03057861328125,74.703971862792969,5.1649770736694336
-1.1627445220947266,94.917808532714844,-29.347043991088867,-12.816312789916992,-18.113306045532227,-34.817508697509766,499.411865234375,75.781776428222656,5.1754021644592285
3.210728645324707,88.462547302246094,-29.364082336425781,-13.88129711151123,-20.238777160644531,-33.832988739013672,507.20916748046875,67.576751708984375,5.2123270034790039
3.9258029460906982,87.740089416503906,-29.404359817504883,-14.023281097412109,-20.404333114624023,-33.878517150878906,508.22647094726562,68.78204345703125,5.2234578132629395
6.1537995338439941,87.337753295898438,-30.300308227539063,-14.679746627807617,-19.760040283203125,-36.100936889648438,510.66131591796875,64.974357604980469,5.2498178482055664
6.7902126312255859,87.513786315917969,-30.579719543457031,-14.612090110778809,-19.420520782470703,-36.481773376464844,511.37832641601562,66.7889404296875,5.2594881057739258
8.4555759429931641,88.061355590820313,-31.661870956420898,-14.857525825500488,-18.343517303466797,-38.663688659667969,513.4384765625,67.675468444824219,5.2717242240905762
9.9228954315185547,89.057380676269531,-32.509876251220703,-14.401141166687012,-17.137540817260742,-39.785057067871094,515.40423583984375,68.513671875,5.2839469909667969
12.02924919128418,89.766410827636719,-33.481880187988281,-14.030673980712891,-15.94915771484375,-41.167133331298828,517.83001708984375,69.307525634765625,5.2961540222167969
13.729157447814941,90.842727661132812,-34.273811340332031,-13.373233795166016,-14.745405197143555,-42.091312408447266,519.99224853515625,70.012794494628906,5.3084840774536133
15.472457885742188,91.681068420410156,-35.062507629394531,-12.933199882507324,-13.602121353149414,-43.503067016601563,522.08123779296875,70.596107482910156,5.3210477828979492
17.587272644042969,92.507339477539063,-35.862922668457031,-12.346412658691406,-12.463710784912109,-44.720462799072266,524.48870849609375,71.246681213378906,5.33331298828125
19.480409622192383,93.60455322265625,-36.573348999023438,-11.594852447509766,-11.289594650268555,-45.784923553466797,526.78924560546875,71.577644348144531,5.3463888168334961
23.453605651855469,94.778656005859375,-37.996734619140625,-10.609808921813965,-9.8805837631225586,-47.082229614257813,531.16998291015625,72.997535705566406,5.3701581954956055
29.051601409912109,92.30084228515625,-40.249336242675781,-11.354789733886719,-11.917051315307617,-43.57720947265625,537.693115234375,69.587562561035156,5.4082951545715332
32.137462615966797,92.158378601074219,-41.088726043701172,-11.493515968322754,-12.685300827026367,-42.092979431152344,540.894287109375,65.89202880859375,5.4339871406555176
33.740619659423828,91.216163635253906,-41.460166931152344,-11.814369201660156,-13.966422080993652,-40.065345764160156,542.79058837890625,66.4267578125,5.4474849700927734
35.393413543701172,91.386520385742187,-41.766231536865234,-12.028902053833008,-14.452410697937012,-39.582798004150391,544.48004150390625,67.655838012695313,5.4587340354919434
37.201271057128906,92.269180297851563,-42.030170440673828,-12.220417976379395,-14.452767372131348,-40.040760040283203,546.5091552734375,68.738731384277344,5.4702210426330566
38.764266967773438,92.470634460449219,-42.467170715332031,-12.689269065856934,-15.743048667907715,-38.615707397460937,548.14453125,69.434120178222656,5.4826822280883789
40.328178405761719,93.682563781738281,-43.005088806152344,-12.942176818847656,-15.747334480285645,-39.179130554199219,550.19488525390625,69.8238525390625,5.4959239959716797
41.516559600830078,94.834823608398438,-43.347831726074219,-13.058528900146484,-15.419729232788086,-40.061748504638672,551.88525390625,70.554763793945313,5.5080881118774414
43.112075805664063,95.629867553710938,-43.820304870605469,-13.201699256896973,-16.017143249511719,-39.254043579101563,553.72943115234375,71.155899047851563,5.5205039978027344
45.112880706787109,96.93585205078125,-44.396587371826172,-13.403030395507813,-16.427600860595703,-38.945163726806641,556.187255859375,72.295906066894531,5.5457320213317871
48.170032501220703,101.18902587890625,-45.167469024658203,-13.299797058105469,-15.093280792236328,-41.234405517578125,561.48162841796875,68.703636169433594,5.5701231956481934
49.928386688232422,103.84364318847656,-45.234889984130859,-13.396474838256836,-14.609439849853516,-42.41876220703125,564.66644287109375,69.412864685058594,5.5825490951538086
53.157077789306641,108.71629333496094,-45.729747772216797,-13.245193481445313,-14.118244171142578,-43.101318359375,570.53265380859375,65.742500305175781,5.6082282066345215
54.607978820800781,110.98345184326172,-45.787651062011719,-13.024852752685547,-13.684178352355957,-43.533424377441406,573.22491455078125,66.915451049804687,5.6197671890258789
57.916133880615234,116.20545196533203,-44.796749114990234,-12.442790031433105,-13.064749717712402,-43.556034088134766,579.48553466796875,68.582588195800781,5.6443781852722168
65.693550109863281,125.7196044921875,-41.215995788574219,-8.3553628921508789,-9.4110336303710937,-41.544727325439453,592.28509521484375,65.413673400878906,5.6687779426574707
68.063560485839844,129.89443969726562,-40.1885986328125,-7.2346429824829102,-7.722172737121582,-43.111724853515625,597.1944580078125,66.425971984863281,5.6808757781982422
69.599761962890625,132.44660949707031,-39.958255767822266,-6.6497483253479004,-7.0106167793273926,-43.472343444824219,600.18218994140625,67.208274841308594,5.6935000419616699
73.637062072753906,135.9337158203125,-39.155193328857422,-3.8187267780303955,-6.5782885551452637,-30.062644958496094,605.57708740234375,68.233535766601563,5.705237865447998
76.554313659667969,139.82229614257812,-38.120609283447266,-1.9742026329040527,-5.8121156692504883,-18.708072662353516,610.54718017578125,69.50311279296875,5.7160711288452148
77.904045104980469,142.86050415039062,-37.671977996826172,-1.3807171583175659,-4.6117444038391113,-16.63627815246582,613.90179443359375,70.572067260742188,5.7272958755493164
78.957969665527344,145.13079833984375,-37.197925567626953,-0.9571349024772644,-3.8064286708831787,-14.095846176147461,616.44927978515625,71.714508056640625,5.7381401062011719
80.769432067871094,148.07742309570312,-36.871044158935547,-0.53377938270568848,-4.0658001899719238,-7.4671101570129395,619.92364501953125,72.883934020996094,5.7487359046936035
82.146949768066406,151.50144958496094,-36.477653503417969,-0.14524407684803009,-3.5618448257446289,-2.3320999145507813,623.63525390625,73.94293212890625,5.7594718933105469
82.815322875976563,153.82093811035156,-36.422470092773438,-0.24594669044017792,-3.2287528514862061,-4.3514633178710938,626.04974365234375,74.998794555664063,5.7700638771057129
81.247322082519531,150.75236511230469,-37.069068908691406,1.5138934850692749,-5.0693173408508301,16.590278625488281,629.55584716796875,77.05963134765625,5.7909722328186035
84.485519409179688,157.36900329589844,-39.079372406005859,-0.65188848972320557,-10.057650566101074,-3.6705429553985596,637.1917724609375,74.130027770996094,5.8119602203369141
85.023468017578125,158.73533630371094,-38.765941619873047,-0.86657696962356567,-11.871213912963867,-4.1156868934631348,638.69329833984375,75.233345031738281,5.822394847869873
86.618415832519531,163.19490051269531,-37.255084991455078,0.11018162965774536,-12.022638320922852,0.51734519004821777,643.66461181640625,69.768142700195313,5.8512969017028809
86.898094177246094,164.19561767578125,-36.980873107910156,0.38326367735862732,-11.920705795288086,1.8148845434188843,644.7392578125,72.380714416503906,5.8580160140991211
86.882087707519531,167.740234375,-36.615425109863281,0.26289024949073792,-11.12663459777832,1.3364405632019043,648.302734375,71.47320556640625,5.8744440078735352
87.230369567871094,170.45082092285156,-36.187049865722656,0.54613965749740601,-10.192649841308594,3.0348031520843506,651.0689697265625,73.34051513671875,5.8830971717834473
87.206939697265625,175.89167785644531,-34.976924896240234,-0.017777096480131149,-9.6301259994506836,-0.10476934909820557,656.642822265625,72.030899047851563,5.9004611968994141
86.856185913085937,177.72755432128906,-34.690807342529297,-0.31218749284744263,-9.5087480545043945,-1.8631720542907715,658.53363037109375,73.87457275390625,5.909113883972168
86.125801086425781,179.22293090820312,-34.567050933837891,-0.87236624956130981,-9.5982503890991211,-5.1452198028564453,660.20245361328125,75.641983032226563,5.9177618026733398
85.655982971191406,181.08070373535156,-34.353370666503906,-1.1317592859268188,-9.0068187713623047,-7.1044402122497559,662.130615234375,77.327079772949219,5.9264302253723145
85.061500549316406,182.65541076660156,-34.190452575683594,-1.4883723258972168,-8.7722568511962891,-9.5577077865600586,663.8216552734375,78.923095703125,5.9351439476013184
84.331565856933594,184.55741882324219,-33.889904022216797,-1.810991644859314,-8.3613157272338867,-12.140649795532227,665.8809814453125,79.809783935546875,5.9455089569091797
83.821136474609375,186.38565063476562,-33.623607635498047,-1.9981422424316406,-7.8053250312805176,-14.279451370239258,667.7977294921875,81.98492431640625,5.9524931907653809
83.042610168457031,188.85592651367188,-33.289329528808594,-2.2378823757171631,-7.3098392486572266,-16.94276237487793,670.40924072265625,83.107597351074219,5.9618868827819824
82.309059143066406,191.08189392089844,-33.059139251708984,-2.3942170143127441,-6.8915233612060547,-19.082508087158203,672.76422119140625,84.753257751464844,5.9698801040649414
81.382644653320313,193.25735473632812,-33.126720428466797,-2.6003780364990234,-6.5795254707336426,-21.492256164550781,675.12969970703125,86.027565002441406,5.9786062240600586
80.572441101074219,195.67984008789062,-33.127479553222656,-2.7285842895507813,-6.0067324638366699,-24.367265701293945,677.68408203125,86.782791137695313,5.9884309768676758
79.740135192871094,197.33999633789062,-33.191986083984375,-2.9115242958068848,-5.7479028701782227,-26.806163787841797,679.54229736328125,88.5147705078125,5.9958882331848145
76.550514221191406,202.978759765625,-33.938209533691406,-3.1235053539276123,-5.5285964012145996,-29.413291931152344,686.06353759765625,82.429840087890625,6.0218510627746582
75.868171691894531,204.36837768554687,-34.123527526855469,-2.9132227897644043,-5.5588598251342773,-27.603885650634766,687.6226806640625,82.791572570800781,6.0330801010131836
74.95538330078125,207.41944885253906,-34.373207092285156,-2.6234307289123535,-4.0827007293701172,-32.697750091552734,690.817138671875,80.694206237792969,6.0504488945007324
70.613357543945313,215.06407165527344,-35.899311065673828,-3.3250753879547119,-3.3091182708740234,-45.13812255859375,699.74029541015625,73.78436279296875,6.0813322067260742
70.262214660644531,215.62065124511719,-35.991619110107422,-3.3586511611938477,-3.236159086227417,-46.066444396972656,700.40484619140625,77.955940246582031,6.0835189819335937
66.828460693359375,220.74737548828125,-36.352405548095703,-3.2953641414642334,-2.562436580657959,-52.143898010253906,706.58575439453125,74.965339660644531,6.104428768157959
65.397102355957031,222.62077331542969,-36.68316650390625,-3.4420924186706543,-2.4250953197479248,-54.85009765625,708.96649169921875,75.2489013671875,6.1169881820678711
64.274940490722656,224.07743835449219,-36.877548217773437,-3.4899964332580566,-2.1835670471191406,-57.986652374267578,710.81549072265625,76.208244323730469,6.1276588439941406
63.116889953613281,226.20945739746094,-37.030746459960937,-3.5115807056427002,-1.4395253658294678,-67.730445861816406,713.24658203125,78.882942199707031,6.1336569786071777
60.626972198486328,229.23513793945312,-37.42169189453125,-3.6621382236480713,-1.1419404745101929,-72.701324462890625,717.18450927734375,78.279975891113281,6.1479182243347168
59.461803436279297,230.20989990234375,-37.514030456542969,-3.7824141979217529,-1.0550380945205688,-74.434364318847656,718.7064208984375,80.634590148925781,6.1545767784118652
57.005237579345703,231.93165588378906,-37.877773284912109,-4.0788755416870117,-1.1899949312210083,-73.759437561035156,721.728271484375,81.070365905761719,6.1658668518066406
54.436393737792969,233.6646728515625,-38.352188110351563,-4.2270164489746094,-1.4916646480560303,-70.591239929199219,724.8631591796875,78.535675048828125,6.184755802154541
53.850902557373047,234.17500305175781,-38.431499481201172,-4.2333393096923828,-1.3924914598464966,-71.819801330566406,725.64385986328125,82.197944641113281,6.188086986541748
51.392810821533203,236.51991271972656,-38.922103881835938,-4.2698445320129395,-0.82490170001983643,-79.084625244140625,729.0762939453125,82.597587585449219,6.1992530822753906
49.254238128662109,238.51835632324219,-39.166168212890625,-4.328676700592041,-0.29653149843215942,-86.088539123535156,732.013427734375,81.613014221191406,6.213831901550293
47.929401397705078,239.8807373046875,-39.091217041015625,-4.4425935745239258,0.26488789916038513,-93.4053955078125,733.91522216796875,83.112106323242188,6.2223329544067383
46.178188323974609,241.35360717773437,-38.571876525878906,-4.3262357711791992,0.64435678720474243,-98.4559326171875,736.26165771484375,83.915000915527344,6.232384204864502
43.975406646728516,243.11866760253906,-38.447517395019531,-4.5476202964782715,0.85294115543365479,-100.60179901123047,739.087158203125,84.272933959960938,6.2434239387512207
41.752189636230469,244.34327697753906,-38.565776824951172,-4.8775558471679687,0.82817155122756958,-99.614280700683594,741.6280517578125,84.476593017578125,6.2547931671142578
39.769809722900391,245.9888916015625,-38.271453857421875,-5.1595873832702637,1.5702601671218872,-106.88783264160156,744.22125244140625,84.327690124511719,6.2669939994812012
35.359214782714844,248.26556396484375,-38.051071166992188,-5.542360782623291,1.5196239948272705,-105.29055786132812,749.18963623046875,80.061378479003906,6.2895550727844238
33.431480407714844,248.79093933105469,-38.150920867919922,-5.8405680656433105,1.2625833749771118,-102.15908813476562,751.190185546875,81.204963684082031,6.2991199493408203
26.637777328491211,249.47744750976562,-37.593471527099609,-6.1062412261962891,0.78311800956726074,-97.281280517578125,758.04119873046875,73.193397521972656,6.3328900337219238
24.61505126953125,250.18650817871094,-37.426258087158203,-6.2262907028198242,0.9104653000831604,-98.2877197265625,760.19110107421875,73.980743408203125,6.3443388938903809
21.955202102661133,250.68022155761719,-37.129543304443359,-6.4378204345703125,0.81303274631500244,-97.168258666992188,762.91259765625,73.678794860839844,6.3587021827697754
20.257678985595703,250.75004577636719,-36.846031188964844,-6.5134668350219727,0.77408033609390259,-96.748870849609375,764.63507080078125,75.587486267089844,6.3669857978820801
17.444311141967773,250.39044189453125,-36.681854248046875,-6.9735198020935059,0.53671377897262573,-94.379524230957031,767.47607421875,76.332801818847656,6.3781881332397461
14.727112770080566,249.79606628417969,-36.538864135742188,-7.2634129524230957,0.26060763001441956,-92.043869018554688,770.26123046875,76.978614807128906,6.3895478248596191
12.306899070739746,249.36637878417969,-36.252758026123047,-7.3497157096862793,0.30028671026229858,-92.326820373535156,772.73583984375,77.516288757324219,6.4011011123657227
9.883880615234375,248.73074340820312,-36.145816802978516,-7.427912712097168,-0.019529120996594429,-89.850204467773438,775.2431640625,78.058555603027344,6.4125618934631348
2.6848685741424561,246.16921997070312,-35.536788940429688,-8.2670173645019531,-1.2376880645751953,-81.542282104492188,782.90850830078125,70.027168273925781,6.4478311538696289
0.50444799661636353,245.92617797851562,-35.488739013671875,-8.5315895080566406,-1.2522732019424438,-81.709358215332031,785.10296630859375,70.875297546386719,6.4596171379089355
-2.3781225681304932,245.49240112304688,-35.307319641113281,-8.7935190200805664,-1.0115031003952026,-83.488693237304688,788.02362060546875,70.976409912109375,6.4734311103820801
-7.0449051856994629,245.08494567871094,-34.970512390136719,-8.9542331695556641,-0.53427481651306152,-86.613052368164063,792.72027587890625,68.375816345214844,6.4952569007873535
-10.29545783996582,244.89154052734375,-35.064590454101563,-9.1005620956420898,-0.47347676753997803,-87.046722412109375,795.9779052734375,66.464553833007812,6.5157651901245117
-14.050628662109375,244.84710693359375,-34.819316864013672,-9.239201545715332,0.01488474290817976,-90.091506958007813,799.74139404296875,64.981101989746094,6.535499095916748
-16.202362060546875,244.58512878417969,-34.951206207275391,-9.2785930633544922,0.185787633061409,-91.137062072753906,801.91302490234375,66.964202880859375,6.544644832611084
-18.765424728393555,243.85446166992187,-34.987907409667969,-9.2647638320922852,0.052453678101301193,-90.321556091308594,804.57843017578125,68.277351379394531,6.555549144744873
-23.409578323364258,242.44151306152344,-35.018550872802734,-9.9666166305541992,-0.011588091030716896,-89.934059143066406,809.432861328125,65.390716552734375,6.5791621208190918
-25.330446243286133,241.92843627929687,-35.015430450439453,-9.9621467590332031,0.049966547638177872,-90.284477233886719,811.42108154296875,66.197769165039063,6.5919070243835449
-27.353267669677734,240.96217346191406,-35.100471496582031,-10.172501564025879,-0.10563255101442337,-89.41131591796875,813.6644287109375,67.399085998535156,6.6032800674438477
-29.945579528808594,240.24661254882812,-35.314029693603516,-10.15330982208252,-0.053648997098207474,-89.700431823730469,816.3621826171875,68.323150634765625,6.6152920722961426
-32.410308837890625,239.77340698242187,-35.615642547607422,-10.105888366699219,0.35443928837776184,-91.98785400390625,818.88995361328125,69.0712890625,6.6276698112487793
-34.603649139404297,238.78782653808594,-35.648082733154297,-10.320457458496094,0.33430880308151245,-91.835250854492188,821.2947998046875,69.954879760742187,6.6395130157470703
-36.361534118652344,237.35835266113281,-35.389930725097656,-10.477643966674805,0.11802563071250916,-90.638175964355469,823.5751953125,70.66748046875,6.6517081260681152
-38.362861633300781,235.62959289550781,-35.019344329833984,-10.452398300170898,0.29007887840270996,-91.572036743164062,826.24560546875,71.460319519042969,6.6635479927062988
-40.608467102050781,233.21784973144531,-34.856746673583984,-10.826150894165039,-0.040365368127822876,-89.788925170898437,829.54498291015625,71.923858642578125,6.6762027740478516
-42.264335632324219,229.6943359375,-34.875988006591797,-11.066005706787109,-0.94584751129150391,-85.174789428710938,833.438232421875,72.780792236328125,6.687654972076416
-48.016151428222656,220.30247497558594,-32.602676391601563,-11.809341430664063,-2.6634173393249512,-77.456451416015625,844.68359375,65.360519409179688,6.7236909866333008
-49.168529510498047,217.82962036132812,-32.031337738037109,-12.106515884399414,-2.9192230701446533,-76.627052307128906,847.470947265625,66.414955139160156,6.7356672286987305
-50.976360321044922,214.99559020996094,-31.929563522338867,-12.523189544677734,-3.0486290454864502,-76.516403198242188,850.83404541015625,67.448051452636719,6.7475199699401855
-51.940662384033203,213.69985961914062,-30.847024917602539,-12.173542022705078,-3.3609433174133301,-74.771339416503906,852.7784423828125,68.5511474609375,6.7589812278747559
-53.228424072265625,212.089599609375,-30.214698791503906,-12.193056106567383,-3.5853393077850342,-73.8292236328125,854.93505859375,69.577339172363281,6.7704877853393555
-54.549766540527344,209.83187866210937,-29.704994201660156,-12.028987884521484,-3.8068435192108154,-72.658050537109375,857.6002197265625,70.557052612304688,6.7819628715515137
-55.855907440185547,207.28482055664062,-29.543289184570313,-11.912674903869629,-3.7629532814025879,-72.684524536132813,860.46722412109375,71.452438354492187,6.7935237884521484
-56.846248626708984,203.81930541992187,-29.401643753051758,-11.939974784851074,-4.038599967956543,-71.536636352539063,864.07427978515625,72.2957763671875,6.8050899505615234
-58.57635498046875,201.26881408691406,-29.478019714355469,-12.365406036376953,-3.7777473926544189,-73.238334655761719,867.1571044921875,73.088546752929688,6.8166651725769043
-59.924396514892578,197.99879455566406,-29.424530029296875,-12.822437286376953,-4.1219663619995117,-72.430816650390625,870.69451904296875,73.811752319335937,6.8283100128173828
-61.172332763671875,196.20658874511719,-29.119741439819336,-13.087349891662598,-4.1713724136352539,-72.582054138183594,872.89959716796875,74.632148742675781,6.8395719528198242
-62.697078704833984,193.707763671875,-29.239156723022461,-13.018512725830078,-3.9867606163024902,-73.225296020507813,875.82928466796875,75.34234619140625,6.85101318359375
-64.320144653320313,191.29141235351562,-29.499763488769531,-13.204487800598145,-3.8167729377746582,-74.12762451171875,878.75177001953125,76.120536804199219,6.8621621131896973
-65.744682312011719,188.60191345214844,-29.507387161254883,-13.797804832458496,-4.0701704025268555,-73.841064453125,881.7952880859375,76.463203430175781,6.8743710517883301
-68.338371276855469,184.08364868164062,-29.19639778137207,-14.375506401062012,-3.6481132507324219,-76.030555725097656,887.01434326171875,73.537521362304688,6.895514965057373
-68.9761962890625,181.60231018066406,-29.146383285522461,-14.034450531005859,-4.5226712226867676,-72.440467834472656,889.57684326171875,74.472267150878906,6.9065008163452148
-69.717033386230469,179.43952941894531,-28.834230422973633,-14.118139266967773,-4.9163017272949219,-71.119873046875,891.8841552734375,75.310028076171875,6.9176158905029297
-71.499351501464844,175.27323913574219,-27.721683502197266,-14.12064266204834,-5.2332453727722168,-69.994010925292969,896.55029296875,72.325782775878906,6.9392580986022949
-72.455825805664063,172.35966491699219,-27.298381805419922,-14.394669532775879,-5.4453611373901367,-69.624183654785156,899.64593505859375,72.747154235839844,6.9518818855285645
-73.492912292480469,169.07479858398437,-26.766956329345703,-15.367847442626953,-5.6251425743103027,-70.284080505371094,903.13134765625,74.449516296386719,6.9608430862426758
-74.772903442382813,166.20829772949219,-26.275646209716797,-16.010881423950195,-5.5942540168762207,-71.152854919433594,906.308837890625,75.336967468261719,6.971825122833252
-75.5098876953125,163.67440795898437,-26.034788131713867,-16.09132194519043,-5.8919892311096191,-70.315666198730469,908.958740234375,76.122085571289063,6.9829559326171875
-75.475608825683594,160.93608093261719,-25.849729537963867,-15.139349937438965,-6.8955140113830566,-65.916313171386719,911.7034912109375,76.946968078613281,6.993865966796875
-76.113731384277344,158.60227966308594,-25.503137588500977,-15.367899894714355,-7.0707273483276367,-65.710166931152344,914.147705078125,77.737091064453125,7.0047521591186523
-76.994316101074219,155.95281982421875,-24.762935638427734,-16.30256462097168,-7.1117072105407715,-66.897438049316406,917.03607177734375,78.393020629882813,7.0158810615539551
-77.594146728515625,152.37001037597656,-24.625389099121094,-16.626449584960938,-7.0870332717895508,-67.395904541015625,920.67138671875,79.193199157714844,7.0265412330627441
-78.395927429199219,150.27674865722656,-24.44291877746582,-17.210929870605469,-7.3492240905761719,-67.394432067871094,922.92034912109375,79.863540649414063,7.0374288558959961
-78.991096496582031,148.56390380859375,-24.568016052246094,-17.253334045410156,-7.780543327331543,-66.252777099609375,924.73797607421875,80.486648559570313,7.048346996307373
-79.706329345703125,146.41041564941406,-24.241449356079102,-18.063081741333008,-8.2142353057861328,-66.124725341796875,927.030517578125,81.138404846191406,7.059107780456543
-79.404502868652344,139.16012573242187,-24.036594390869141,-17.754302978515625,-10.541975021362305,-59.834152221679688,934.28997802734375,77.465354919433594,7.0809931755065918
-79.739837646484375,136.49006652832031,-23.89506721496582,-17.920249938964844,-11.513421058654785,-57.793399810791016,936.98468017578125,74.549034118652344,7.1018319129943848
-80.05419921875,129.87800598144531,-23.026874542236328,-18.759323120117187,-12.969464302062988,-55.858814239501953,943.66094970703125,75.866592407226563,7.1243829727172852
-79.176910400390625,125.74657440185547,-22.777610778808594,-18.738750457763672,-12.59199047088623,-56.635890960693359,947.891845703125,76.093460083007813,7.1369471549987793
-78.520805358886719,122.72324371337891,-22.298721313476562,-18.860038757324219,-12.783482551574707,-56.407630920410156,951.02239990234375,77.690521240234375,7.1457982063293457
-77.430061340332031,113.35352325439453,-22.414384841918945,-20.206964492797852,-15.174957275390625,-53.613842010498047,960.4560546875,74.055015563964844,7.1685738563537598
-76.993751525878906,110.98780822753906,-22.008344650268555,-20.816154479980469,-15.240313529968262,-54.373851776123047,962.89569091796875,75.211982727050781,7.1788721084594727
-76.147651672363281,108.67891693115234,-21.795555114746094,-19.871376037597656,-15.361706733703613,-52.761127471923828,965.36395263671875,75.937324523925781,7.1901841163635254
-75.142219543457031,105.26138305664062,-22.415500640869141,-19.456134796142578,-15.83055305480957,-51.247173309326172,968.9798583984375,77.030746459960938,7.2003989219665527
-73.979110717773437,102.61760711669922,-21.808004379272461,-19.852527618408203,-14.90036678314209,-53.611175537109375,971.93133544921875,77.980537414550781,7.2108497619628906
-73.578170776367187,101.02250671386719,-21.400285720825195,-20.149383544921875,-15.04597282409668,-53.773532867431641,973.6258544921875,78.92974853515625,7.2211761474609375
-73.530807495117187,99.599990844726563,-21.016962051391602,-20.398635864257813,-16.065010070800781,-52.246002197265625,975.099853515625,79.783615112304688,7.2316250801086426
-73.588233947753906,97.914024353027344,-20.539678573608398,-20.634357452392578,-17.635103225708008,-49.828823089599609,976.85302734375,80.643257141113281,7.241948127746582
-72.35711669921875,94.979324340820313,-20.335481643676758,-20.434221267700195,-19.339151382446289,-46.711093902587891,980.04205322265625,81.467147827148438,7.2522521018981934
-71.556632995605469,92.598747253417969,-20.049627304077148,-20.367063522338867,-20.782402038574219,-44.368839263916016,982.56982421875,82.245285034179688,7.2625670433044434
-71.209663391113281,90.508094787597656,-19.594104766845703,-20.535568237304687,-22.290660858154297,-42.420284271240234,984.73748779296875,82.917877197265625,7.2730469703674316
-67.129066467285156,85.515220642089844,-18.566293716430664,-18.874835968017578,-23.140510559082031,-38.658847808837891,991.26715087890625,83.052017211914063,7.2847738265991211
-62.209857940673828,80.212722778320312,-15.935354232788086,-18.224605560302734,-22.012247085571289,-39.160881042480469,998.96368408203125,78.956939697265625,7.3072428703308105
-58.244804382324219,74.509300231933594,-14.197579383850098,-17.688629150390625,-23.824254989624023,-35.839256286621094,1006.1240234375,81.510169982910156,7.3258309364318848
-51.855300903320312,66.655784606933594,-11.902885437011719,-15.668112754821777,-24.339189529418945,-31.802160263061523,1016.5052490234375,79.697990417480469,7.3554291725158691
-49.968582153320312,64.047538757324219,-11.230218887329102,-15.463153839111328,-25.638067245483398,-29.958831787109375,1019.7938842773437,78.720207214355469,7.3705239295959473
-48.912479400634766,62.821460723876953,-11.081032752990723,-15.136228561401367,-25.77326774597168,-29.258478164672852,1021.4189453125,81.504623413085938,7.3760561943054199
-43.773731231689453,57.769001007080078,-10.851321220397949,-13.284884452819824,-25.303041458129883,-26.538873672485352,1028.629150390625,79.07012939453125,7.3945808410644531
-41.720432281494141,56.149482727050781,-10.562908172607422,-12.407773017883301,-25.010665893554688,-25.24744987487793,1031.2601318359375,80.326187133789063,7.4039759635925293
-39.850864410400391,54.729446411132813,-10.228575706481934,-11.686616897583008,-25.050973892211914,-23.872039794921875,1033.6314697265625,81.240821838378906,7.4140901565551758
-37.917766571044922,53.383781433105469,-9.7579030990600586,-11.287528038024902,-25.498392105102539,-22.708648681640625,1036.033447265625,82.454826354980469,7.4233407974243164
-35.842880249023438,52.463729858398437,-9.5875062942504883,-10.336948394775391,-25.200857162475586,-21.186250686645508,1038.3095703125,83.01837158203125,7.4340648651123047
-33.97808837890625,51.595161437988281,-9.2372169494628906,-10.014942169189453,-25.671163558959961,-20.1739501953125,1040.3963623046875,84.225166320800781,7.4431371688842773
-31.643287658691406,50.937225341796875,-8.8919353485107422,-9.414830207824707,-25.434598922729492,-19.221710205078125,1042.846435546875,85.222679138183594,7.4525852203369141
-29.249893188476563,50.570331573486328,-8.6284265518188477,-8.7651882171630859,-24.800100326538086,-18.453222274780273,1045.2821044921875,86.012321472167969,7.4624199867248535
-26.744928359985352,50.219585418701172,-7.9359955787658691,-8.4193944931030273,-24.520133972167969,-17.977354049682617,1047.9046630859375,86.711799621582031,7.472379207611084
-24.10096549987793,50.138496398925781,-6.8183627128601074,-7.7516865730285645,-24.255462646484375,-16.809946060180664,1050.7762451171875,87.461845397949219,7.4821391105651855
-21.722204208374023,50.098613739013672,-6.2831034660339355,-7.0393867492675781,-23.592477798461914,-15.787786483764648,1053.21484375,88.140594482421875,7.4919819831848145
-18.691228866577148,49.789527893066406,-6.2076849937438965,-5.6464171409606934,-24.871286392211914,-12.039350509643555,1056.262451171875,84.388740539550781,7.5122818946838379
-17.13165283203125,49.556987762451172,-6.0564742088317871,-4.9964909553527832,-25.60504150390625,-10.338937759399414,1057.846435546875,85.518974304199219,7.5213918685913086
-11.575413703918457,48.859100341796875,-5.4559884071350098,-5.1408085823059082,-25.88123893737793,-10.505110740661621,1063.478515625,82.513359069824219,7.5404558181762695
-6.627556324005127,48.742443084716797,-5.4260768890380859,-5.0577859878540039,-24.623939514160156,-10.929218292236328,1068.4278564453125,79.276466369628906,7.5608291625976562
-5.2405734062194824,48.61041259765625,-5.3458738327026367,-4.8682188987731934,-25.124176025390625,-10.293974876403809,1069.8233642578125,80.491432189941406,7.5703048706054687
-1.9752247333526611,48.410030364990234,-5.2485480308532715,-5.2132687568664551,-25.527040481567383,-10.816455841064453,1073.0963134765625,82.55438232421875,7.5898737907409668
0.22444748878479004,47.868888854980469,-5.1478915214538574,-4.741328239440918,-26.61992073059082,-9.3964910507202148,1075.36376953125,83.953956604003906,7.5985231399536133
2.6767337322235107,47.645938873291016,-5.0963630676269531,-5.4472589492797852,-26.502141952514648,-10.826791763305664,1077.8267822265625,84.420379638671875,7.6092929840087891
4.9654808044433594,47.909191131591797,-5.1788215637207031,-4.6163544654846191,-25.425573348999023,-9.6398983001708984,1080.132080078125,85.758033752441406,7.6179008483886719
6.8305830955505371,48.025596618652344,-5.3237166404724121,-4.0673055648803711,-25.309873580932617,-8.5510320663452148,1082.00634765625,86.577484130859375,7.6276040077209473
9.3220109939575195,48.3038330078125,-5.4183969497680664,-3.6872990131378174,-24.663076400756836,-7.9893097877502441,1084.51513671875,87.38189697265625,7.6372509002685547
12.367012023925781,48.642204284667969,-5.6676139831542969,-3.6726162433624268,-23.733940124511719,-8.305790901184082,1087.5889892578125,88.066627502441406,7.6470890045166016
15.010313987731934,48.851375579833984,-5.9247589111328125,-3.2020952701568604,-23.131809234619141,-7.4610261917114258,1090.2529296875,88.735740661621094,7.6568870544433594
17.455495834350586,48.819835662841797,-5.8574118614196777,-2.7442104816436768,-24.036079406738281,-6.1343297958374023,1092.69921875,89.363304138183594,7.6667070388793945
19.934463500976563,48.671432495117188,-5.7631697654724121,-4.0625758171081543,-24.851842880249023,-8.7181835174560547,1095.1844482421875,89.561805725097656,7.6774411201477051
22.530632019042969,49.168594360351562,-6.0072789192199707,-3.6443560123443604,-23.531347274780273,-8.3212223052978516,1097.8389892578125,89.947883605957031,7.6877222061157227
24.280094146728516,49.561958312988281,-6.4043307304382324,-5.2177829742431641,-23.35841178894043,-11.939282417297363,1099.6756591796875,90.571098327636719,7.6974201202392578
26.803806304931641,50.215763092041016,-6.9764494895935059,-5.1891984939575195,-22.203760147094727,-12.543900489807129,1102.3447265625,91.433563232421875,7.7065129280090332
30.087850570678711,50.786277770996094,-7.3487987518310547,-5.9719629287719727,-23.499443054199219,-13.527790069580078,1105.6986083984375,86.290298461914063,7.7293581962585449
30.454057693481445,50.851081848144531,-7.385530948638916,-6.0155215263366699,-23.573640823364258,-13.577175140380859,1106.0723876953125,90.238533020019531,7.7317428588867188
38.286338806152344,53.628917694091797,-8.8421411514282227,-6.2163887023925781,-21.48954963684082,-15.465071678161621,1114.5093994140625,84.1763916015625,7.7571358680725098
39.379188537597656,54.059852600097656,-9.0530147552490234,-6.215573787689209,-21.147930145263672,-15.724292755126953,1115.702880859375,84.296951293945313,7.7687211036682129
42.436061859130859,54.609046936035156,-9.3465957641601562,-4.6250295639038086,-22.858043670654297,-10.863207817077637,1118.822509765625,86.208663940429687,7.7759661674499512
51.71270751953125,58.160736083984375,-9.8530902862548828,-2.3120186328887939,-23.669942855834961,-5.2624588012695313,1128.768798828125,80.5343017578125,7.8015961647033691
54.217376708984375,58.979499816894531,-10.222037315368652,-1.7717207670211792,-24.799972534179688,-3.8298680782318115,1131.4295654296875,79.224235534667969,7.8173971176147461
54.816577911376953,59.200286865234375,-10.34328556060791,-1.659044623374939,-24.73552131652832,-3.5974111557006836,1132.07958984375,83.172836303710938,7.8199892044067383
58.928680419921875,61.866962432861328,-11.81013011932373,-2.1981956958770752,-23.510480880737305,-5.0423984527587891,1137.1954345703125,82.552520751953125,7.8335552215576172
60.277873992919922,62.759910583496094,-12.132963180541992,-1.8047122955322266,-23.016754150390625,-4.2418198585510254,1138.84521484375,85.571159362792969,7.8382701873779297
61.556873321533203,63.817226409912109,-12.446922302246094,-1.1017334461212158,-22.3448486328125,-2.6787030696868896,1140.5340576171875,86.556167602539062,7.847599983215332
63.947921752929688,65.371612548828125,-13.212178230285645,-0.79384738206863403,-21.690631866455078,-1.9951211214065552,1143.4869384765625,87.53411865234375,7.8568410873413086
66.771163940429687,67.512496948242188,-14.533740997314453,-0.74002337455749512,-21.040573120117188,-1.9231381416320801,1147.2684326171875,88.444694519042969,7.8661360740661621
69.089187622070313,69.536460876464844,-15.740888595581055,-1.0493587255477905,-20.772960662841797,-2.7645499706268311,1150.5740966796875,89.5400390625,7.874910831451416
71.373176574707031,71.382575988769531,-16.667730331420898,-0.70267659425735474,-20.456502914428711,-1.8831683397293091,1153.6536865234375,90.191337585449219,7.8845891952514648
73.19512939453125,72.967185974121094,-17.444524765014648,-0.36444202065467834,-19.979694366455078,-1.0023126602172852,1156.190185546875,91.248985290527344,7.893280029296875
74.711250305175781,74.202987670898438,-18.427818298339844,-0.42282012104988098,-19.826423645019531,-1.1725884675979614,1158.37939453125,92.083106994628906,7.9023690223693848
77.192489624023438,76.863059997558594,-19.550741195678711,0.016776297241449356,-19.256826400756836,0.048021551221609116,1162.1864013671875,92.877464294433594,7.9114642143249512
78.445953369140625,78.395927429199219,-20.160301208496094,0.2609875500202179,-18.821128845214844,0.76567995548248291,1164.2581787109375,93.604591369628906,7.9206290245056152
81.891448974609375,80.772254943847656,-21.737512588500977,1.9497503042221069,-19.346584320068359,5.5379691123962402,1168.7310791015625,90.199859619140625,7.9389262199401855
82.887504577636719,81.815597534179688,-22.255046844482422,2.4653847217559814,-19.164525985717773,7.0621581077575684,1170.2635498046875,90.534141540527344,7.9492521286010742
85.760063171386719,84.94110107421875,-25.292055130004883,3.056809663772583,-19.346347808837891,8.6482820510864258,1175.4830322265625,89.945785522460938,7.9616379737854004
91.568641662597656,93.751976013183594,-33.892433166503906,2.0185728073120117,-20.134786605834961,5.4910550117492676,1189.096923828125,77.520378112792969,8.0033893585205078
91.829750061035156,94.971626281738281,-34.816654205322266,1.3649415969848633,-20.212772369384766,3.7027902603149414,1190.6492919921875,80.209274291992188,8.0225076675415039
102.06283569335937,111.01703643798828,-29.033214569091797,6.489659309387207,-15.318625450134277,22.552122116088867,1210.53955078125,75.851753234863281,8.0465087890625
102.908447265625,113.5184326171875,-28.805141448974609,6.5344095230102539,-14.664158821105957,23.640495300292969,1213.1898193359375,78.391807556152344,8.0528888702392578
103.66211700439453,116.21826171875,-28.355991363525391,6.7416462898254395,-14.180631637573242,25.071422576904297,1216.0286865234375,80.179512023925781,8.0609922409057617
104.66743469238281,119.74171447753906,-27.491327285766602,7.0728707313537598,-13.475484848022461,27.374607086181641,1219.7933349609375,81.583023071289063,8.06988525390625
105.99606323242187,123.90158843994141,-26.509851455688477,7.3420624732971191,-12.435525894165039,30.298257827758789,1224.2691650390625,82.6707763671875,8.0794124603271484
106.62923431396484,127.25886535644531,-26.1336669921875,7.3626255989074707,-11.940256118774414,31.426458358764648,1227.706298828125,84.038902282714844,8.0881261825561523
107.26128387451172,130.41615295410156,-25.950994491577148,7.5211997032165527,-11.486685752868652,33.012416839599609,1230.931396484375,85.254234313964844,8.0970678329467773
107.68180847167969,133.55795288085937,-26.206186294555664,7.4348258972167969,-11.310007095336914,33.123355865478516,1234.1114501953125,84.355201721191406,8.1109809875488281
108.09687042236328,135.24485778808594,-26.091041564941406,7.580629825592041,-11.066934585571289,34.231967926025391,1235.8525390625,87.216873168945313,8.115966796875
108.78741455078125,140.61575317382812,-25.652484893798828,7.1535677909851074,-9.8401117324829102,35.888839721679688,1241.2852783203125,80.173225402832031,8.1447830200195313
108.79050445556641,140.72927856445312,-25.640169143676758,7.1230592727661133,-9.8094568252563477,35.857921600341797,1241.3995361328125,84.899742126464844,8.1454486846923828
111.01576995849609,152.19537353515625,-24.461095809936523,6.7707509994506836,-8.7240285873413086,37.729171752929687,1253.138916015625,83.189842224121094,8.1614189147949219
111.12084197998047,156.03219604492188,-24.314676284790039,6.3900070190429687,-7.980194091796875,38.620086669921875,1256.97998046875,84.254768371582031,8.1708192825317383
111.17987823486328,159.04415893554687,-24.36851692199707,6.3893752098083496,-7.6315746307373047,39.886821746826172,1259.9930419921875,83.269195556640625,8.1851119995117187
111.34406280517578,161.05120849609375,-24.485334396362305,6.5414934158325195,-7.3408293724060059,41.672294616699219,1262.0101318359375,85.805549621582031,8.1909408569335937
113.36522674560547,173.01815795898437,-23.902286529541016,7.9397311210632324,-5.464972972869873,55.550769805908203,1274.16064453125,80.427238464355469,8.2159347534179687
113.63113403320312,175.43043518066406,-23.688156127929688,8.3774938583374023,-5.1215062141418457,58.675300598144531,1276.596923828125,81.691886901855469,8.2251510620117187
113.71636962890625,178.41163635253906,-23.679929733276367,8.5999431610107422,-5.0366830825805664,59.768001556396484,1279.579345703125,81.159637451171875,8.2387399673461914
113.72441864013672,180.15058898925781,-23.688188552856445,8.4491205215454102,-4.5983176231384277,61.566738128662109,1281.318359375,83.869308471679688,8.2442922592163086
112.80343627929687,184.30804443359375,-24.442190170288086,7.1457633972167969,-3.9627246856689453,61.076759338378906,1285.642822265625,85.772079467773438,8.2515945434570312
112.07638549804687,187.85781860351562,-24.724493026733398,6.492673397064209,-3.6859915256500244,60.487335205078125,1289.2772216796875,87.135734558105469,8.2600069046020508
110.99018859863281,190.52835083007812,-25.156888961791992,5.4242210388183594,-2.7783153057098389,62.9295654296875,1292.1925048828125,87.725196838378906,8.2700958251953125
109.90135192871094,193.11854553222656,-25.876798629760742,4.3232083320617676,-2.1943168640136719,63.121780395507813,1295.093017578125,89.182968139648437,8.2781047821044922
108.89182281494141,196.8546142578125,-26.351137161254883,3.3542549610137939,-1.4780408143997192,66.238960266113281,1298.9920654296875,90.13037109375,8.287144660949707
108.32398223876953,199.25907897949219,-26.658533096313477,2.7586016654968262,-0.91802686452865601,71.605026245117187,1301.481689453125,91.082862854003906,8.2960786819458008
107.72160339355469,203.32200622558594,-26.200588226318359,2.1376566886901855,-0.096782982349395752,87.408889770507813,1305.614501953125,91.997322082519531,8.3050050735473633
107.18268585205078,208.05073547363281,-26.22081184387207,2.0074219703674316,0.159897580742836,94.552330017089844,1310.3739013671875,92.865982055664063,8.3139438629150391
106.22623443603516,211.56776428222656,-26.199012756347656,1.3355284929275513,0.56482881307601929,112.92167663574219,1314.0186767578125,93.326980590820313,8.323695182800293
105.57369995117187,214.73899841308594,-26.670795440673828,1.1969014406204224,0.58535206317901611,116.05872344970703,1317.29052734375,94.236579895019531,8.3324184417724609
104.49826049804687,218.18453979492187,-26.748929977416992,0.5743212103843689,0.86668187379837036,146.47001647949219,1320.90087890625,94.055305480957031,8.3434247970581055
100.93462371826172,225.83808898925781,-27.472415924072266,-0.90452855825424194,0.61723333597183228,-124.30770874023437,1329.3743896484375,86.856010437011719,8.3704280853271484
99.799049377441406,228.31112670898437,-27.993768692016602,-1.4339879751205444,0.46090996265411377,-107.81523132324219,1332.1451416015625,87.534927368164062,8.3803386688232422
96.989593505859375,232.44674682617187,-28.428382873535156,-2.1220951080322266,-0.45195859670639038,-77.982017517089844,1337.16357421875,84.887535095214844,8.3980846405029297
95.846488952636719,233.99929809570312,-28.747278213500977,-2.5334813594818115,-0.73096710443496704,-73.915061950683594,1339.1177978515625,86.366043090820313,8.4063100814819336
93.192634582519531,238.34645080566406,-28.599519729614258,-3.1969575881958008,-0.29998296499252319,-84.6448974609375,1344.213134765625,83.534812927246094,8.4247531890869141
91.912017822265625,239.986083984375,-28.665885925292969,-3.3771471977233887,-0.41203674674034119,-83.051734924316406,1346.294677734375,84.736801147460938,8.4337806701660156
90.621772766113281,242.17738342285156,-28.454471588134766,-3.4901154041290283,-0.2696940004825592,-85.586738586425781,1348.846435546875,85.351806640625,8.4440927505493164
89.449111938476563,244.75148010253906,-28.454860687255859,-3.6250598430633545,0.43316453695297241,-96.805183410644531,1351.675048828125,86.820884704589844,8.452296257019043
88.251388549804688,247.25825500488281,-28.425460815429687,-3.6252882480621338,1.090801477432251,-106.72665405273437,1354.453369140625,87.513832092285156,8.4621782302856445
86.488273620605469,250.60173034667969,-28.954524993896484,-3.5899550914764404,1.6554296016693115,-114.73329925537109,1358.2701416015625,88.547492980957031,8.4711885452270508
84.928947448730469,253.29766845703125,-29.222564697265625,-3.7565882205963135,2.074425220489502,-118.88374328613281,1361.39599609375,89.113418579101563,8.4811716079711914
83.171836853027344,255.63613891601562,-29.478160858154297,-4.169187068939209,2.6215543746948242,-122.13379669189453,1364.3321533203125,89.895416259765625,8.4905967712402344
81.449134826660156,258.35769653320312,-29.545740127563477,-4.0755453109741211,2.8987722396850586,-125.40013122558594,1367.5538330078125,89.933036804199219,8.5016345977783203
80.109100341796875,260.05892944335937,-29.539402008056641,-4.0520291328430176,3.0673134326934814,-127.10540771484375,1369.719482421875,91.549247741699219,8.5090932846069336
78.076728820800781,262.38552856445313,-29.676555633544922,-4.3269510269165039,3.3860089778900146,-128.0240478515625,1372.811767578125,91.307716369628906,8.5205593109130859
75.442832946777344,264.89889526367187,-29.347600936889648,-4.6777873039245605,3.7873837947845459,-128.97395324707031,1376.46728515625,88.411849975585938,8.5498485565185547
69.908348083496094,269.91470336914062,-28.002166748046875,-4.8503026962280273,4.7542486190795898,-134.42433166503906,1384.0567626953125,83.987129211425781,8.5717287063598633
66.859916687011719,271.95172119140625,-28.068254470825195,-5.1065645217895508,4.9831676483154297,-134.29568481445312,1387.7236328125,80.921585083007812,8.5913000106811523
61.634571075439453,274.671875,-28.718608856201172,-5.7830018997192383,5.2960739135742187,-132.46774291992187,1393.650390625,84.381698608398438,8.6072597503662109
54.535934448242188,280.53567504882812,-28.083066940307617,-6.4660501480102539,8.9371833801269531,-144.22029113769531,1402.879638671875,78.11077880859375,8.6350364685058594
52.738765716552734,280.28176879882812,-28.557926177978516,-6.8125300407409668,7.5445971488952637,-137.94961547851562,1404.7557373046875,80.194847106933594,8.6424036026000977
46.368400573730469,280.54721069335937,-30.246011734008789,-7.5620646476745605,5.249274730682373,-124.68560028076172,1411.351318359375,78.414787292480469,8.6595058441162109
43.786109924316406,280.38653564453125,-30.485034942626953,-7.7412657737731934,4.5507516860961914,-120.34925842285156,1413.94970703125,78.757675170898437,8.6713581085205078
41.661594390869141,280.5616455078125,-30.624423980712891,-7.8056707382202148,4.3618707656860352,-119.09252166748047,1416.0859375,79.101142883300781,8.6831569671630859
39.680484771728516,280.12991333007812,-30.951669692993164,-7.9270567893981934,3.6219370365142822,-114.44629669189453,1418.1397705078125,81.30377197265625,8.6901330947875977
36.326808929443359,279.71051025390625,-31.39838981628418,-8.3197050094604492,2.8857264518737793,-109.01931762695312,1421.5489501953125,81.672309875488281,8.7014999389648437
34.014560699462891,279.65811157226562,-31.339519500732422,-8.2943344116210937,2.6619791984558105,-107.68872833251953,1423.862548828125,82.785224914550781,8.7109537124633789
31.276115417480469,279.62185668945312,-31.591894149780273,-8.5748367309570312,2.3758728504180908,-105.38482666015625,1426.61279296875,83.469535827636719,8.7213373184204102
28.741476058959961,279.49636840820312,-31.643228530883789,-8.5160884857177734,2.1368138790130615,-103.99201202392578,1429.151123046875,84.099227905273437,8.7317686080932617
26.399991989135742,279.47882080078125,-31.595809936523437,-8.6011219024658203,2.1498956680297852,-103.93867492675781,1431.4931640625,84.681694030761719,8.7422380447387695
23.779609680175781,279.46762084960937,-31.465795516967773,-8.7719087600708008,2.1241219043731689,-103.51554870605469,1434.1168212890625,84.835166931152344,8.7536735534667969
20.610218048095703,279.0670166015625,-30.95533561706543,-8.8509302139282227,1.6574478149414063,-100.52677154541016,1437.3519287109375,80.591667175292969,8.7760381698608398
19.974311828613281,278.88601684570312,-30.854074478149414,-8.9255151748657227,1.5253756046295166,-99.623313903808594,1438.020751953125,84.405342102050781,8.7789163589477539
13.200206756591797,277.80508422851562,-30.214555740356445,-9.5093698501586914,0.60043203830718994,-93.579902648925781,1444.9102783203125,82.229988098144531,8.7961435317993164
10.512775421142578,277.38885498046875,-29.697536468505859,-9.7861089706420898,0.30087873339653015,-91.743904113769531,1447.678466796875,82.931129455566406,8.8065547943115234
7.8972196578979492,276.99551391601562,-29.135776519775391,-10.15101432800293,0.077874362468719482,-90.4349365234375,1450.3824462890625,83.394088745117187,8.8174657821655273
2.1879167556762695,276.39263916015625,-28.3299560546875,-10.786372184753418,-0.071179285645484924,-89.626388549804688,1456.1798095703125,79.322998046875,8.839777946472168
-0.16334488987922668,275.90835571289062,-28.083049774169922,-10.982242584228516,-0.25534272193908691,-88.684417724609375,1458.5931396484375,79.824958801269531,8.8510828018188477
-2.4917256832122803,275.546630859375,-28.179172515869141,-10.810647964477539,-0.40897303819656372,-87.859207153320313,1460.951416015625,81.104156494140625,8.8603305816650391
-5.2793111801147461,275.040771484375,-27.783420562744141,-10.676209449768066,-0.37042471766471863,-88.035850524902344,1463.81201171875,81.002685546875,8.8729190826416016
-7.6548199653625488,274.90774536132812,-28.000801086425781,-10.618024826049805,0.14115321636199951,-90.752891540527344,1466.201171875,81.953094482421875,8.8828592300415039
-10.073423385620117,274.237060546875,-28.024181365966797,-10.870615005493164,0.06330881267786026,-90.329666137695312,1468.7110595703125,82.884765625,8.892730712890625
-12.46012020111084,273.590087890625,-27.79374885559082,-11.105504989624023,-0.26126229763031006,-88.669242858886719,1471.1947021484375,83.492691040039063,8.903289794921875
-14.822257041931152,272.76980590820312,-27.471122741699219,-11.218197822570801,-0.44042691588401794,-87.780448913574219,1473.7158203125,83.905067443847656,8.9142522811889648
-17.360784530639648,271.90655517578125,-27.406404495239258,-11.082530975341797,-1.011343240737915,-84.850181579589844,1476.39794921875,84.229995727539063,8.9253740310668945
-19.960416793823242,271.00128173828125,-27.198719024658203,-11.058116912841797,-1.1993988752365112,-83.885299682617187,1479.1585693359375,84.530364990234375,8.9365129470825195
-22.457328796386719,270.31417846679688,-26.986356735229492,-11.063611030578613,-1.0708645582199097,-84.539306640625,1481.7569580078125,84.756011962890625,8.9477939605712891
-24.989469528198242,269.30368041992187,-26.689266204833984,-11.280878067016602,-1.1438868045806885,-84.283729553222656,1484.4993896484375,84.972579956054687,8.9590673446655273
-30.473846435546875,266.17791748046875,-27.081981658935547,-11.444229125976563,-1.6901097297668457,-81.707229614257813,1490.82421875,79.3310546875,8.9849977493286133
-32.316951751708984,265.42877197265625,-27.054828643798828,-11.560628890991211,-1.6307418346405029,-82.076583862304688,1492.81396484375,80.88433837890625,8.9936027526855469
-44.140468597412109,259.28253173828125,-26.622547149658203,-12.666291236877441,-2.2785060405731201,-79.960350036621094,1506.146484375,69.249961853027344,9.0380764007568359
-46.825485229492188,257.66778564453125,-26.918930053710938,-12.767887115478516,-2.3187150955200195,-79.868927001953125,1509.293701171875,66.623054504394531,9.0605392456054687
-46.927780151367188,257.60858154296875,-26.914621353149414,-12.778796195983887,-2.3149778842926025,-79.8936767578125,1509.4119873046875,71.44525146484375,9.0610599517822266
-50.629360198974609,255.26174926757812,-27.008804321289063,-13.126920700073242,-2.3209664821624756,-80.140464782714844,1513.7957763671875,72.609626770019531,9.0717096328735352
-53.612468719482422,253.6531982421875,-26.967084884643555,-13.369196891784668,-2.2053897380828857,-80.796028137207031,1517.1851806640625,73.604644775390625,9.0826663970947266
-56.539913177490234,252.74713134765625,-27.403783798217773,-13.429153442382813,-1.6990352869033813,-82.91845703125,1520.2806396484375,74.385650634765625,9.0940685272216797
-58.574287414550781,251.33537292480469,-27.077596664428711,-13.528149604797363,-1.6775001287460327,-83.059951782226563,1522.7783203125,75.1324462890625,9.1054468154907227
-60.597805023193359,249.41865539550781,-26.958484649658203,-13.78293514251709,-1.9878644943237305,-81.946647644042969,1525.5679931640625,75.906959533691406,9.1166372299194336
-62.812202453613281,247.48410034179687,-26.705102920532227,-14.173562049865723,-2.0577120780944824,-81.903022766113281,1528.519287109375,76.735092163085938,9.1275691986083984
-65.576850891113281,244.79251098632812,-26.509361267089844,-14.585177421569824,-1.9936490058898926,-82.380287170410156,1532.3828125,76.207611083984375,9.1420259475708008
-67.253219604492187,242.25724792480469,-26.82768440246582,-14.71629810333252,-2.4164257049560547,-80.872352600097656,1535.438720703125,78.264961242675781,9.1496458053588867
-69.630813598632813,238.96873474121094,-27.106269836425781,-15.016630172729492,-2.4208712577819824,-81.043952941894531,1539.50634765625,78.944313049316406,9.1606388092041016
-72.361785888671875,237.17184448242187,-27.131813049316406,-15.290652275085449,-2.0747449398040771,-82.451805114746094,1542.7755126953125,79.539909362792969,9.1717548370361328
-74.642478942871094,235.23091125488281,-27.237152099609375,-15.515833854675293,-1.6935523748397827,-83.920928955078125,1545.7720947265625,80.21014404296875,9.1825962066650391
-76.315704345703125,232.79954528808594,-26.76811408996582,-15.808448791503906,-1.4582111835479736,-84.862388610839844,1548.7606201171875,80.548072814941406,9.1941957473754883
-79.452735900878906,230.34201049804687,-26.410478591918945,-15.866082191467285,-1.2771316766738892,-85.514938354492187,1552.76171875,77.185775756835938,9.2154121398925781
-80.549568176269531,228.59333801269531,-26.248115539550781,-15.703475952148438,-1.4885855913162231,-84.71923828125,1554.832275390625,78.160224914550781,9.2257766723632812
-86.457870483398438,220.37101745605469,-27.6287841796875,-15.409174919128418,-1.6243560314178467,-84.125587463378906,1565.0509033203125,71.197654724121094,9.2578639984130859
-87.815322875976563,218.81192016601562,-27.746950149536133,-15.682696342468262,-1.729560375213623,-83.861473083496094,1567.12158203125,72.431190490722656,9.2683534622192383
-88.812400817871094,217.30404663085937,-27.567283630371094,-15.950209617614746,-2.0903575420379639,-82.722221374511719,1568.9381103515625,73.584602355957031,9.2788896560668945
-91.972465515136719,211.68778991699219,-27.826250076293945,-16.912038803100586,-2.7458524703979492,-81.036094665527344,1575.3875732421875,70.154518127441406,9.302363395690918
-93.262588500976562,210.61418151855469,-27.565280914306641,-17.020076751708984,-2.6024832725524902,-81.554176330566406,1577.086181640625,72.007041931152344,9.3112192153930664
-95.01239013671875,208.05830383300781,-27.773038864135742,-16.9068603515625,-2.7427935600280762,-81.043067932128906,1580.190673828125,73.230705261230469,9.3216190338134766
-96.876220703125,205.47471618652344,-28.43980598449707,-16.982685089111328,-2.8620812892913818,-80.703086853027344,1583.4453125,74.089370727539062,9.3328628540039062
-98.221405029296875,202.79853820800781,-28.869844436645508,-16.697509765625,-3.3832721710205078,-78.850944519042969,1586.4713134765625,75.340034484863281,9.3428993225097656
-99.49932861328125,201.26272583007812,-28.708507537841797,-16.594900131225586,-3.4589641094207764,-78.534767150878906,1588.4757080078125,76.289840698242188,9.3535833358764648
-100.47304534912109,198.38565063476562,-28.540109634399414,-16.262035369873047,-4.2748980522155762,-75.626976013183594,1591.517822265625,77.159225463867187,9.3643503189086914
-101.77168273925781,195.65682983398437,-28.552188873291016,-16.448179244995117,-4.698646068572998,-74.442947387695313,1594.5399169921875,77.982269287109375,9.3751192092895508
-103.36219024658203,192.49423217773437,-28.903696060180664,-16.834545135498047,-4.8001646995544434,-74.48883056640625,1598.0972900390625,78.727455139160156,9.3859786987304687
-104.91439819335937,190.02188110351562,-28.808111190795898,-17.21574592590332,-5.1644935607910156,-73.738334655761719,1601.01806640625,79.443649291992187,9.3968124389648437
-106.32804107666016,187.45225524902344,-28.461755752563477,-17.589654922485352,-5.1760683059692383,-74.053123474121094,1603.9713134765625,79.950607299804688,9.4080867767333984
-107.31383514404297,184.7159423828125,-28.036430358886719,-17.69542121887207,-5.6400575637817383,-72.801071166992188,1606.9107666015625,80.571823120117188,9.4189977645874023
-108.86916351318359,182.21913146972656,-27.968692779541016,-18.097597122192383,-5.6487765312194824,-73.161048889160156,1609.8531494140625,80.787071228027344,9.4308586120605469
-110.01667022705078,180.05780029296875,-27.694883346557617,-18.407447814941406,-5.7206106185913086,-73.247611999511719,1612.3154296875,82.021987915039063,9.4401092529296875
-111.22589874267578,177.05961608886719,-27.371820449829102,-18.758203506469727,-5.9352436065673828,-72.979743957519531,1615.564453125,82.526412963867187,9.4510374069213867
-112.94989013671875,175.23289489746094,-27.227296829223633,-18.679683685302734,-6.2091431617736816,-72.161811828613281,1618.080322265625,83.014488220214844,9.4619388580322266
-116.25830078125,167.22866821289062,-26.435646057128906,-19.08197021484375,-7.5337953567504883,-69.077552795410156,1626.7774658203125,74.934707641601563,9.4951210021972656
-116.80197906494141,164.64173889160156,-26.283481597900391,-18.939031600952148,-7.9585270881652832,-67.832809448242188,1629.42529296875,75.808326721191406,9.5060701370239258
-119.87587738037109,157.24366760253906,-27.980228424072266,-20.642898559570313,-6.5986452102661133,-72.930198669433594,1637.6142578125,72.624755859375,9.5281343460083008
-121.71947479248047,154.84901428222656,-29.176729202270508,-21.226654052734375,-5.4696769714355469,-76.150985717773438,1640.8646240234375,73.6214599609375,9.5390825271606445
-122.47776031494141,151.65341186523437,-29.326133728027344,-20.253154754638672,-7.447361946105957,-70.492469787597656,1644.15234375,71.719131469726563,9.5580835342407227
-122.66596984863281,151.0103759765625,-29.237855911254883,-20.147008895874023,-7.8726024627685547,-69.348915100097656,1644.828125,75.214614868164062,9.5621824264526367
